hash,expected_nbits,parent_mtp,coinbase_height,coinbase_scriptsig_hex,pool,parent_kind
0000000000000000000045c5040bf46b4cd6c6f8f4004c149cd602e4e356e71c,170b8c8b,,717696,0380f30a192f5669614254432f4d696e656420627920657373696265742f2cfabe6d6dc0edbc53e6583117e3fb0c174156ff34a95f1a1093bb03192bdd8b47f896cb9f10000000000000001071ffd417d8ab2bd883332eb005000000,ViaBTC,canonical
000000000000000000006840568a01091022093a176d12a1e8e5e261e4f11853,,,809478,03065a0c04ed4913652f4d41524120506f6f6c202876303932363233292f76649b3c094f135bf4b83108c14ea85f127ebfce0f004e020000ffffffff,MARA Pool,canonical
00000000000000000000c3d95a4bdc068dfe0c6d1e7ad13045c6f570e58d9ed7,17021369,1776870621,946213,0325700e2cfabe6d6d07a206acc4d465037a85ceac8a1903f27526149e57a46fc1edbb6a7c67320d4f10000000f09f909f092f4632506f6f6c2f670000000000000000000000000000000000000000000000000000000000000000000000050095000000,F2Pool,canonical
0000000000000000000198e12592edbe83c84a78f75b3f8d67a3fe2075ef2ffb,1702369d,1783900280,957780,03549d0e2cfabe6d6db72b2e8a573b09f5d46aad91f9214fabcdcccd69a9b172992099d95e393da9cc10000000f09f909f092f4632506f6f6c2f6700000000000000000000000000000000000000000000000000000000000000000000000500580a0200,F2Pool,canonical
0000000000000000000291349d44e756df07ce08d848df0ca0bbd9884af393ed,1705dd01,,789039,032f0a0c1b4d696e656420627920416e74506f6f6c383733e2000002b5eac7d7fabe6d6df30ef030508734cec49b1d7ddbe98a52a2f7ad5986eac10cd313f0c6dbb46d6d0200000000000000000024c9610e000000000000,AntPool,canonical
00000000000000000002ec935e245f8ae70fc68cc828f05bf4cfa002668599e4,,,783426,0342f40b2cfabe6d6d76eebeccd7ca22e72d1f7c18b9a3ae8c3f93c04072e77b94dfcf0f0dd560be4410000000f09f909f092f4632506f6f6c2f66000000000000000000000000000000000000000000000000000000000000000000000005007c000000,F2Pool,canonical
000000000000000000046a2698233ed93bb5e74ba7d2146a68ddb0c2504c980d,,,784121,03f9f60b2cfabe6d6df25b386d041b6a6ecf202e73afd2bf8d3422cb2f6e9c9975fdc4c37a958136fd10000000f09f909f092f4632506f6f6c2f730000000000000000000000000000000000000000000000000000000000000000000000050045010000,F2Pool,canonical
00000000000000000008c80c1f8c101f8aa1fabd59d63ab1350bd1d5dba425e6,170e92aa,,,fecae9090048617468185a489434ae20d115d61694f7ca019160c1be165bace94440d705171e1b871bb876a249290000000000,,canonical
0000000000000000000c958fe3563e7e3ecda8e35e6d6ecce4d5693cec1f1918,17275a1f,,543804,033c4c08045623b15b622f4254432e434f4d2ffabe6d6dee6689d8fa713e1a935e1b03dd664008ac0a74b753d03c527f6d25800e82299a0100000000000000fc00cfe8cc4d000000000000,BTC.COM,canonical
000000000000000000188a6aecb603cb6a068ad236f925255a491124b5c5dc8a,1725c191,,544600,03584f08042c8bb85b622f4254432e434f4d2ffabe6d6d88922b0299a396056945229bf094718c1388b6df2c4560845fa027e8942ca65d0100000000000000fd0069592843000000000000,BTC.COM,canonical
0000000000000000001ac59b46b44a9e525bc03a5cd2e138a8ae684445fa6ed8,17275a1f,,544024,03184d0804c9fab25b612f4254432e434f4d2ffabe6d6dcea0fda9be365f0d78b66072ae5cf48ed7cb6338df96d4a951f49bcc9641a6710100000000000000fb0136c12081000000000000,BTC.COM,canonical
0000000000000000001ffb5988298bfc9f528f9a47e6062ebe8a01177af25d21,17275a1f,,544024,03184d0804a9eeb25b622f4254432e434f4d2ffabe6d6d00b4b5e6ade353899dc765c9ea4101e089f70877b7d314d29fc9b7d0654fcf020100000000000000fb006d12d345000000000000,BTC.COM,canonical
00000000000000000254ed1e8143f0bcd3c3564db07e7c35631e999d53e81fa7,18052669,,422060,03ac7006162f5669614254432f48656c6c6f2c20576f726c64212f2cfabe6d6d66a8e99ddd64fdd53d2fcba9e0da13d660eb4f3af15c1cc9f4afd712b09729fb01000000000000000cd114e24c6b5af1af8c290400,ViaBTC,stale
00000000000000000306ea979ad487157d2950081413eb9d2dca82060f1b89b2,180de64f,,389043,03b3ef05040314745608fabe6d6d20d6656f5ca5ac4408cbee6ff6d3235c6039015372788a3c0b0c39721502efd001000000000000004000000f873d00860d2f6e6f64655374726174756d2f,nodeStratum,canonical
000000000000000003a1ce220ae97419cc4bdb5d70b90189b8f8a06b0b37e3a2,1806f0a8,,402611,03b3240637e4b883e5bda9e7a59ee4bb99e9b1bcdb8c127393c82df3adac41a9a3a6d30491ade6cab548308a174cc92165515c1f02000000f09f909f124d696e656420627920633633333436313039000000000000000000000000000000000000000000,c63346109,stale
0000000000000000084ee972bfe620224e6893448a9001d2b1f236ede0423779,18120f14,1446068449,380992,0340d005e4b883e5bda9e7a59ee4bb99e9b1bcd50ac9b4c902bcd5e2bad45a05683fe7f021962425668f3d52fb85b887a7641d02000000f09f909f2f4249503130302f4d696e656420627920796e646c0000000000000000000000000000000000000000,yndl,canonical
00000000000000000954ed93eda1e79e8261137548fa9ccf4d516bb384a3660b,1816418e,,363967,03bf8d05045599597ffabe6d6d27e048c4a0bfe74e325a7c96ace681cb0857905425f4c24ca88fb3b646fed3e70100000000000000180100004c534b02,,canonical
000000000000000009c55c7e380b7600a2966de1b79230c74212d9c45a91a50b,1810b289,,383539,0333da050e00456c69676975730056473ebf05fabe6d6dea750998570cd15be3f4d81146f617c7f8cfbb02e53cf5953aef025e55b48ae20100000000000000002f737332322f008102000090990500,Eligius,canonical
00000000000000000d610e393ffeed6b9494d54121f05f7a3905f940f0e0cf69,181b4861,,331675,039b0f05e4b883e5bda9e7a59ee4bb99e9b1bcfabe6d6d43ca0fd0c1489d7195b50b67a538a60a8aac6e5782e44261ae0c5ada2b2fbce11000000000000000010c01ffda4701004d696e6564206279206c656e676775616e677869616e,lengguangxian,invalid
00000000000000000f93ba8faf8bb018c7db642e30391748860cbfa5803a32a4,18150815,,367047,03c79905534f434b25449607578bd762522cfabe6d6d8f433c640092b20a74c858f622235f3ef0a432b34b8d7f9a23ed781ec2c0b40120000000000000002f6d6d706f6f6c,mmpool,canonical
000000000000000010bcbb75dc17fce43da835bd26ccec95ed0d39570a51112a,181b4861,,331674,039a0f05e4b883e5bda9e7a59ee4bb99e9b1bcfabe6d6d40c126ee5ab79a5d91c96be476ae5b8dd1af1a08e59edb8ff44122bd8d127d2d100000000000000000948656da9c02004d696e656420627920796f6e676368616f3334,yongchao34,stale
000000000000000010d43fb3f8d02cab156f333f2bfc172de9e6d87359118a1a,181b4861,,331736,03d80f05194d696e656420627920416e74506f6f6c201197731e547634ddfabe6d6d02b0c8aa564c26d206db1bb2305bf3cba8ad46f355e7238fa5864a06a3a776ec0400000000000000650200007f58e854,AntPool,canonical
000000000000000012aac0664cd8b6cbc3ea485921a05f2c4340f928b0226d3c,1816418e,,364341,03358f052cfabe6d6da8e7031652edd333c809b423e10227792e3dbcb7b173b1585dc1476ce72eb8000400000000000000062f503253482f,,canonical
0000000000000000de6f0b2978aa2b268cb9a54c5de6d21f97d17c6b0ff0ac3f,1903a30c,,277975,03d73d04062f503253482f04bc30c352082e02a002002bed9a4d522cfabe6d6d711f2290b40d6f75dc3fa9d2245d018ce18782d3e4b9b4feff5b16cdacd4743004000000000000004861707079204e657720596561722120596f7572732047486173682e494f2e,GHash.IO,canonical
00000000000000329b2b44eca61829f13c94bbafb35022f13e49ffff279e3f03,1a02816e,,229426,0332800370736a046e81021a04e900c812522cfabe6d6d84a6a479387f8dfdc7b3256d61e2d5ba08d6dd2adb8090010936cff61dfebce70100000000000000425443204775696c642033ac1eeeed88,BTC Guild,canonical
000000000000004cf2026785b16399bea2abab0f8b8a82d070ac0db40a06b3cb,1a0375fa,,436434426,04fa75031a60522cfabe6d6d447172e8723db361a6e8c8d1df6be09db405940728e05acfa6622fd07a8a4a100800000000000000,,canonical
0000000000000085a485d05c96051ff43ea70b8868d7373df9de771ca65b52c9,1a03d74b,,436459339,044bd7031a028c00522cfabe6d6d16e6f88281aa9c8e23d07358e51aef40e8314c14debbe9b7569af3644962f8860800000000000000,,canonical
000000000000008af04b94d8286fe0e8d0aea3b2f35e758ef1e73e153169fa58,1a02816e,,229425,0331800370736a046e81021a04f9bfbe12522cfabe6d6d09236c4cc87a673a8b478605e6fcdd5585c5bc4609916597bd962bd2ed862e680100000000000000425443204775696c642033ac1eeeed88,BTC Guild,canonical
00000000000000a34d399a3cb82e222fad8e73e465b905e333ada1662c61e0e0,1a0375fa,,436434426,04fa75031a02ab00522cfabe6d6dfd815d1d65ff88b939971ca477af659572ea9543a296e67d465c60ef342bfa500800000000000000,,canonical
00000000000000c37c3327de7555db3e3dbe91cbe0294e532f8a32574d5b997d,1a0375fa,,436434426,04fa75031a0164522cfabe6d6d8ff0a68e344b586a001a21254da9133a46d86d070ddd2c19529d6c273a7b263d0800000000000000,,canonical
00000000000001365d20401c25e9c8c1bc1570f99a943bc1575b20e16d77a18c,1a02816e,,229457,0351800370736a046e81021a0402076813522cfabe6d6d9f81006fa0cb5799f97b3f8ee995dbbda55c1e83754d64cadb321d1db65dc8d30100000000000000425443204775696c642033ac1eeeed88,BTC Guild,canonical
00000000000001468e0b21b62cd0b41ec317eeeaa5afc0a8df43c01180e57f7f,1a03d74b,,436459339,044bd7031a60522cfabe6d6dd2a3e6a60af19ef1519a648a205be968aa42d0040a12ea7e2aa6410e80a9313f0800000000000000,,canonical
000000000000015437122b60d0a1d2ed7e1f98b5b292e886d6ca62042bba2035,1a03d74b,,436459339,044bd7031a025001522cfabe6d6d43629863b5b1d5de8916a8bd7cbd1918bc6543e246e7ba6e55bf745dcb513e2f0800000000000000,,canonical
000000000000017c4a0a7be4244a3b2c0dd41f884586ad8de78356a0994e8960,1a03d74b,,436459339,044bd7031a0161522cfabe6d6d11011523a342d5a6a793d960db1f1393207dd969bc87be8058b6877f28f639cd0800000000000000,,canonical
00000000000001a3aa38003bb99c2bb16dc48dfcf5542ddf86139e639ff51433,1a03d74b,,436459339,044bd7031a0123522cfabe6d6dd14fcb9aca36a2eda2d2a5697fd1937b98d28349001f69bf4a2608bad70776dd0800000000000000,,canonical
00000000000001fb5262fee5a4b0e93f1274226980cc0893dcaa9dd9e1187f95,1a02816e,,229405,031d800370736a046e81021a042a066b12522cfabe6d6d3f9360023bc09ec8ffce3d57c1492bbc8e1b1d0144655509fca0e1ace595c31d0100000000000000425443204775696c642033ac1eeeed88,BTC Guild,canonical
0000000000000239bfc9b6f400b5b02ab401077bdc470d082e3da34276925cc8,1a02816e,,229471,035f800370736a046e81021a040d94ba13522cfabe6d6dd48364adb1effd444f3c8d87680ed30368fd5b12d0e20ea956578132f9df04160100000000000000425443204775696c642033ac1eeeed88,BTC Guild,canonical
000000000000024fc7ce00ec89295323699886784960f68a04f4a4871b61caa8,1a02816e,,229506,0382800370736a046e81021a0430a77b14522cfabe6d6d71c2e6d47b4b265b5ad2f064723ecd40bc7eee5267d59df1aa84989c0cc87dc10100000000000000425443204775696c642033ac1eeeed88,BTC Guild,canonical
000000000000030a6d0a4a0c91af3610843d170594eac75cc8a0e16390ba9559,1a0375fa,,436434426,04fa75031a024502522cfabe6d6d016035269eb3ad99d1ff362ebd4536c56037cba0deffeb2bf2409cd7ae79bafc0800000000000000,,canonical
000000000000037f2cc0769d4244cf50f1cace4ab76b0b4adb31010e10150708,1a03d74b,,436459339,044bd7031a0173522cfabe6d6d5f96eead5ea22511ec2950557d0834f76cd860bbee47f1d5bb386270d4f183b80800000000000000,,canonical
0000000000000386f943ff46dbf220fed2ef2ce55214d6fce868db21507ddc99,1a03d74b,,436459339,044bd7031a59522cfabe6d6db0539f1943fa0263ab4bc7be9259f1270ebaa0d23733e662654b6a049aa054880800000000000000,,canonical
00000000000003abc9b545f105aec0a14cab2b65665f967b2527b61bb25e21bd,1a03d74b,,436459339,044bd7031a0163522cfabe6d6dbc4328f620ad2dc10be02522a7cc7f0ae498b549888f50859690fece2d306b320800000000000000,,canonical
0000000000790ab3f22ec756ad43b6ab569abf0bddeb97c67a6f7b1470a7ec1c,,,,040e80001c028f00,,canonical
