hash,channel,source,child_chain,child_height,first_seen,provenance
0000000000000000000045c5040bf46b4cd6c6f8f4004c149cd602e4e356e71c,auxpow,merge-mining-research,emercoin,518861,,https://github.com/deadmanoz/merge-mining-research/blob/main/data/error-blocks/error_blocks.csv
0000000000000000000045c5040bf46b4cd6c6f8f4004c149cd602e4e356e71c,auxpow,merge-mining-research,syscoin,1336057,,https://github.com/deadmanoz/merge-mining-research/blob/main/data/error-blocks/error_blocks.csv
000000000000000000006840568a01091022093a176d12a1e8e5e261e4f11853,p2p,b10c,,,,https://b10c.me/observations/07-invalid-block-809478/
00000000000000000000c3d95a4bdc068dfe0c6d1e7ad13045c6f570e58d9ed7,auxpow,merge-mining-research,elastos,2196610,1776876260,https://github.com/deadmanoz/merge-mining-research/blob/main/data/error-blocks/error_blocks.csv
00000000000000000000c3d95a4bdc068dfe0c6d1e7ad13045c6f570e58d9ed7,auxpow,merge-mining-research,namecoin,821553,1776876260,https://github.com/deadmanoz/merge-mining-research/blob/main/data/error-blocks/error_blocks.csv
00000000000000000000c3d95a4bdc068dfe0c6d1e7ad13045c6f570e58d9ed7,auxpow,merge-mining-research,syscoin,2226227,1776876260,https://github.com/deadmanoz/merge-mining-research/blob/main/data/error-blocks/error_blocks.csv
0000000000000000000198e12592edbe83c84a78f75b3f8d67a3fe2075ef2ffb,auxpow,merge-mining-research,elastos,2255118,1783902407,https://github.com/deadmanoz/merge-mining-research/blob/main/data/error-blocks/error_blocks.csv
0000000000000000000198e12592edbe83c84a78f75b3f8d67a3fe2075ef2ffb,auxpow,merge-mining-research,fractal,1936022,1783902407,https://github.com/deadmanoz/merge-mining-research/blob/main/data/error-blocks/error_blocks.csv
0000000000000000000198e12592edbe83c84a78f75b3f8d67a3fe2075ef2ffb,auxpow,merge-mining-research,namecoin,833329,1783902407,https://github.com/deadmanoz/merge-mining-research/blob/main/data/error-blocks/error_blocks.csv
0000000000000000000198e12592edbe83c84a78f75b3f8d67a3fe2075ef2ffb,auxpow,merge-mining-research,syscoin,2272433,1783902407,https://github.com/deadmanoz/merge-mining-research/blob/main/data/error-blocks/error_blocks.csv
0000000000000000000291349d44e756df07ce08d848df0ca0bbd9884af393ed,auxpow,merge-mining-research,namecoin,664459,,https://github.com/deadmanoz/merge-mining-research/blob/main/data/error-blocks/error_blocks.csv
0000000000000000000291349d44e756df07ce08d848df0ca0bbd9884af393ed,auxpow,merge-mining-research,rsk,5287383,,https://github.com/deadmanoz/merge-mining-research/blob/main/data/error-blocks/error_blocks.csv
00000000000000000002ec935e245f8ae70fc68cc828f05bf4cfa002668599e4,auxpow,merge-mining-research,elastos,1395837,1680334281,https://github.com/deadmanoz/merge-mining-research/blob/main/data/error-blocks/body_invalid_stales.csv
00000000000000000002ec935e245f8ae70fc68cc828f05bf4cfa002668599e4,auxpow,merge-mining-research,namecoin,658973,1680334281,https://github.com/deadmanoz/merge-mining-research/blob/main/data/error-blocks/body_invalid_stales.csv
00000000000000000002ec935e245f8ae70fc68cc828f05bf4cfa002668599e4,auxpow,merge-mining-research,syscoin,1590668,1680334281,https://github.com/deadmanoz/merge-mining-research/blob/main/data/error-blocks/body_invalid_stales.csv
00000000000000000002ec935e245f8ae70fc68cc828f05bf4cfa002668599e4,auxpow,merge-mining-research,xaya,4720941,1680334281,https://github.com/deadmanoz/merge-mining-research/blob/main/data/error-blocks/body_invalid_stales.csv
00000000000000000002ec935e245f8ae70fc68cc828f05bf4cfa002668599e4,p2p,b10c,,,,https://b10c.me/observations/11-invalid-blocks-783426-and-784121/
000000000000000000046a2698233ed93bb5e74ba7d2146a68ddb0c2504c980d,auxpow,merge-mining-research,elastos,1399199,1680742574,https://github.com/deadmanoz/merge-mining-research/blob/main/data/error-blocks/body_invalid_stales.csv
000000000000000000046a2698233ed93bb5e74ba7d2146a68ddb0c2504c980d,auxpow,merge-mining-research,namecoin,659651,1680742574,https://github.com/deadmanoz/merge-mining-research/blob/main/data/error-blocks/body_invalid_stales.csv
000000000000000000046a2698233ed93bb5e74ba7d2146a68ddb0c2504c980d,auxpow,merge-mining-research,syscoin,1593384,1680742574,https://github.com/deadmanoz/merge-mining-research/blob/main/data/error-blocks/body_invalid_stales.csv
000000000000000000046a2698233ed93bb5e74ba7d2146a68ddb0c2504c980d,auxpow,merge-mining-research,xaya,4733918,1680742574,https://github.com/deadmanoz/merge-mining-research/blob/main/data/error-blocks/body_invalid_stales.csv
000000000000000000046a2698233ed93bb5e74ba7d2146a68ddb0c2504c980d,p2p,b10c,,,,https://b10c.me/observations/11-invalid-blocks-783426-and-784121/
00000000000000000008c80c1f8c101f8aa1fabd59d63ab1350bd1d5dba425e6,auxpow,merge-mining-research,hathor,756587,1600895133,https://github.com/deadmanoz/merge-mining-research/blob/main/data/error-blocks/error_blocks.csv
0000000000000000000c958fe3563e7e3ecda8e35e6d6ecce4d5693cec1f1918,auxpow,merge-mining-research,namecoin,419550,,https://github.com/deadmanoz/merge-mining-research/blob/main/data/error-blocks/error_blocks.csv
0000000000000000000c958fe3563e7e3ecda8e35e6d6ecce4d5693cec1f1918,auxpow,merge-mining-research,rsk,789982,,https://github.com/deadmanoz/merge-mining-research/blob/main/data/error-blocks/error_blocks.csv
000000000000000000188a6aecb603cb6a068ad236f925255a491124b5c5dc8a,auxpow,merge-mining-research,namecoin,420338,,https://github.com/deadmanoz/merge-mining-research/blob/main/data/error-blocks/error_blocks.csv
000000000000000000188a6aecb603cb6a068ad236f925255a491124b5c5dc8a,auxpow,merge-mining-research,rsk,804553,,https://github.com/deadmanoz/merge-mining-research/blob/main/data/error-blocks/error_blocks.csv
0000000000000000001ac59b46b44a9e525bc03a5cd2e138a8ae684445fa6ed8,auxpow,merge-mining-research,namecoin,419759,,https://github.com/deadmanoz/merge-mining-research/blob/main/data/error-blocks/error_blocks.csv
0000000000000000001ac59b46b44a9e525bc03a5cd2e138a8ae684445fa6ed8,auxpow,merge-mining-research,rsk,793596,,https://github.com/deadmanoz/merge-mining-research/blob/main/data/error-blocks/error_blocks.csv
0000000000000000001ffb5988298bfc9f528f9a47e6062ebe8a01177af25d21,auxpow,merge-mining-research,namecoin,419757,,https://github.com/deadmanoz/merge-mining-research/blob/main/data/error-blocks/error_blocks.csv
0000000000000000001ffb5988298bfc9f528f9a47e6062ebe8a01177af25d21,auxpow,merge-mining-research,rsk,793505,,https://github.com/deadmanoz/merge-mining-research/blob/main/data/error-blocks/error_blocks.csv
00000000000000000254ed1e8143f0bcd3c3564db07e7c35631e999d53e81fa7,auxpow,merge-mining-research,namecoin,296773,,https://github.com/deadmanoz/merge-mining-research/blob/main/data/error-blocks/error_blocks.csv
00000000000000000306ea979ad487157d2950081413eb9d2dca82060f1b89b2,auxpow,merge-mining-research,namecoin,263217,,https://github.com/deadmanoz/merge-mining-research/blob/main/data/error-blocks/error_blocks.csv
000000000000000003a1ce220ae97419cc4bdb5d70b90189b8f8a06b0b37e3a2,auxpow,merge-mining-research,namecoin,276713,,https://github.com/deadmanoz/merge-mining-research/blob/main/data/error-blocks/error_blocks.csv
0000000000000000084ee972bfe620224e6893448a9001d2b1f236ede0423779,auxpow,merge-mining-research,namecoin,255293,,https://github.com/deadmanoz/merge-mining-research/blob/main/data/error-blocks/error_blocks.csv
00000000000000000954ed93eda1e79e8261137548fa9ccf4d516bb384a3660b,auxpow,merge-mining-research,namecoin,237930,,https://github.com/deadmanoz/merge-mining-research/blob/main/data/error-blocks/error_blocks.csv
000000000000000009c55c7e380b7600a2966de1b79230c74212d9c45a91a50b,auxpow,merge-mining-research,namecoin,257852,,https://github.com/deadmanoz/merge-mining-research/blob/main/data/error-blocks/error_blocks.csv
00000000000000000d610e393ffeed6b9494d54121f05f7a3905f940f0e0cf69,auxpow,merge-mining-research,devcoin,163402,,https://github.com/deadmanoz/merge-mining-research/blob/main/data/error-blocks/error_blocks.csv
00000000000000000d610e393ffeed6b9494d54121f05f7a3905f940f0e0cf69,auxpow,merge-mining-research,ixcoin,234210,,https://github.com/deadmanoz/merge-mining-research/blob/main/data/error-blocks/error_blocks.csv
00000000000000000d610e393ffeed6b9494d54121f05f7a3905f940f0e0cf69,auxpow,merge-mining-research,namecoin,207159,,https://github.com/deadmanoz/merge-mining-research/blob/main/data/error-blocks/error_blocks.csv
00000000000000000f93ba8faf8bb018c7db642e30391748860cbfa5803a32a4,auxpow,merge-mining-research,devcoin,194759,,https://github.com/deadmanoz/merge-mining-research/blob/main/data/error-blocks/error_blocks.csv
00000000000000000f93ba8faf8bb018c7db642e30391748860cbfa5803a32a4,auxpow,merge-mining-research,groupcoin,180938,,https://github.com/deadmanoz/merge-mining-research/blob/main/data/error-blocks/error_blocks.csv
00000000000000000f93ba8faf8bb018c7db642e30391748860cbfa5803a32a4,auxpow,merge-mining-research,i0coin,1546542,,https://github.com/deadmanoz/merge-mining-research/blob/main/data/error-blocks/error_blocks.csv
00000000000000000f93ba8faf8bb018c7db642e30391748860cbfa5803a32a4,auxpow,merge-mining-research,namecoin,241087,,https://github.com/deadmanoz/merge-mining-research/blob/main/data/error-blocks/error_blocks.csv
00000000000000000f93ba8faf8bb018c7db642e30391748860cbfa5803a32a4,auxpow,merge-mining-research,unobtanium,637957,,https://github.com/deadmanoz/merge-mining-research/blob/main/data/error-blocks/error_blocks.csv
000000000000000010bcbb75dc17fce43da835bd26ccec95ed0d39570a51112a,auxpow,merge-mining-research,devcoin,163400,,https://github.com/deadmanoz/merge-mining-research/blob/main/data/error-blocks/error_blocks.csv
000000000000000010bcbb75dc17fce43da835bd26ccec95ed0d39570a51112a,auxpow,merge-mining-research,ixcoin,234208,,https://github.com/deadmanoz/merge-mining-research/blob/main/data/error-blocks/error_blocks.csv
000000000000000010bcbb75dc17fce43da835bd26ccec95ed0d39570a51112a,auxpow,merge-mining-research,namecoin,207157,,https://github.com/deadmanoz/merge-mining-research/blob/main/data/error-blocks/error_blocks.csv
000000000000000010d43fb3f8d02cab156f333f2bfc172de9e6d87359118a1a,auxpow,merge-mining-research,devcoin,163460,,https://github.com/deadmanoz/merge-mining-research/blob/main/data/error-blocks/error_blocks.csv
000000000000000010d43fb3f8d02cab156f333f2bfc172de9e6d87359118a1a,auxpow,merge-mining-research,ixcoin,234279,,https://github.com/deadmanoz/merge-mining-research/blob/main/data/error-blocks/error_blocks.csv
000000000000000010d43fb3f8d02cab156f333f2bfc172de9e6d87359118a1a,auxpow,merge-mining-research,namecoin,207232,,https://github.com/deadmanoz/merge-mining-research/blob/main/data/error-blocks/error_blocks.csv
000000000000000012aac0664cd8b6cbc3ea485921a05f2c4340f928b0226d3c,auxpow,merge-mining-research,devcoin,192332,,https://github.com/deadmanoz/merge-mining-research/blob/main/data/error-blocks/error_blocks.csv
000000000000000012aac0664cd8b6cbc3ea485921a05f2c4340f928b0226d3c,auxpow,merge-mining-research,ixcoin,268098,,https://github.com/deadmanoz/merge-mining-research/blob/main/data/error-blocks/error_blocks.csv
000000000000000012aac0664cd8b6cbc3ea485921a05f2c4340f928b0226d3c,auxpow,merge-mining-research,namecoin,238279,,https://github.com/deadmanoz/merge-mining-research/blob/main/data/error-blocks/error_blocks.csv
0000000000000000de6f0b2978aa2b268cb9a54c5de6d21f97d17c6b0ff0ac3f,auxpow,merge-mining-research,devcoin,120059,,https://github.com/deadmanoz/merge-mining-research/blob/main/data/error-blocks/error_blocks.csv
0000000000000000de6f0b2978aa2b268cb9a54c5de6d21f97d17c6b0ff0ac3f,auxpow,merge-mining-research,ixcoin,181126,,https://github.com/deadmanoz/merge-mining-research/blob/main/data/error-blocks/error_blocks.csv
0000000000000000de6f0b2978aa2b268cb9a54c5de6d21f97d17c6b0ff0ac3f,auxpow,merge-mining-research,namecoin,154429,,https://github.com/deadmanoz/merge-mining-research/blob/main/data/error-blocks/error_blocks.csv
00000000000000329b2b44eca61829f13c94bbafb35022f13e49ffff279e3f03,auxpow,merge-mining-research,namecoin,103543,,https://github.com/deadmanoz/merge-mining-research/blob/main/data/error-blocks/error_blocks.csv
000000000000004cf2026785b16399bea2abab0f8b8a82d070ac0db40a06b3cb,auxpow,merge-mining-research,devcoin,81561,,https://github.com/deadmanoz/merge-mining-research/blob/main/data/error-blocks/error_blocks.csv
000000000000004cf2026785b16399bea2abab0f8b8a82d070ac0db40a06b3cb,auxpow,merge-mining-research,ixcoin,122307,,https://github.com/deadmanoz/merge-mining-research/blob/main/data/error-blocks/error_blocks.csv
000000000000004cf2026785b16399bea2abab0f8b8a82d070ac0db40a06b3cb,auxpow,merge-mining-research,namecoin,100567,,https://github.com/deadmanoz/merge-mining-research/blob/main/data/error-blocks/error_blocks.csv
0000000000000085a485d05c96051ff43ea70b8868d7373df9de771ca65b52c9,auxpow,merge-mining-research,devcoin,81009,,https://github.com/deadmanoz/merge-mining-research/blob/main/data/error-blocks/error_blocks.csv
0000000000000085a485d05c96051ff43ea70b8868d7373df9de771ca65b52c9,auxpow,merge-mining-research,ixcoin,121399,,https://github.com/deadmanoz/merge-mining-research/blob/main/data/error-blocks/error_blocks.csv
0000000000000085a485d05c96051ff43ea70b8868d7373df9de771ca65b52c9,auxpow,merge-mining-research,namecoin,99771,,https://github.com/deadmanoz/merge-mining-research/blob/main/data/error-blocks/error_blocks.csv
000000000000008af04b94d8286fe0e8d0aea3b2f35e758ef1e73e153169fa58,auxpow,merge-mining-research,namecoin,103541,,https://github.com/deadmanoz/merge-mining-research/blob/main/data/error-blocks/error_blocks.csv
00000000000000a34d399a3cb82e222fad8e73e465b905e333ada1662c61e0e0,auxpow,merge-mining-research,devcoin,82055,,https://github.com/deadmanoz/merge-mining-research/blob/main/data/error-blocks/error_blocks.csv
00000000000000a34d399a3cb82e222fad8e73e465b905e333ada1662c61e0e0,auxpow,merge-mining-research,ixcoin,123093,,https://github.com/deadmanoz/merge-mining-research/blob/main/data/error-blocks/error_blocks.csv
00000000000000a34d399a3cb82e222fad8e73e465b905e333ada1662c61e0e0,auxpow,merge-mining-research,namecoin,101169,,https://github.com/deadmanoz/merge-mining-research/blob/main/data/error-blocks/error_blocks.csv
00000000000000c37c3327de7555db3e3dbe91cbe0294e532f8a32574d5b997d,auxpow,merge-mining-research,devcoin,82009,,https://github.com/deadmanoz/merge-mining-research/blob/main/data/error-blocks/error_blocks.csv
00000000000000c37c3327de7555db3e3dbe91cbe0294e532f8a32574d5b997d,auxpow,merge-mining-research,namecoin,101111,,https://github.com/deadmanoz/merge-mining-research/blob/main/data/error-blocks/error_blocks.csv
00000000000001365d20401c25e9c8c1bc1570f99a943bc1575b20e16d77a18c,auxpow,merge-mining-research,namecoin,103577,,https://github.com/deadmanoz/merge-mining-research/blob/main/data/error-blocks/error_blocks.csv
00000000000001468e0b21b62cd0b41ec317eeeaa5afc0a8df43c01180e57f7f,auxpow,merge-mining-research,devcoin,80961,,https://github.com/deadmanoz/merge-mining-research/blob/main/data/error-blocks/error_blocks.csv
00000000000001468e0b21b62cd0b41ec317eeeaa5afc0a8df43c01180e57f7f,auxpow,merge-mining-research,ixcoin,121267,,https://github.com/deadmanoz/merge-mining-research/blob/main/data/error-blocks/error_blocks.csv
00000000000001468e0b21b62cd0b41ec317eeeaa5afc0a8df43c01180e57f7f,auxpow,merge-mining-research,namecoin,99715,,https://github.com/deadmanoz/merge-mining-research/blob/main/data/error-blocks/error_blocks.csv
000000000000015437122b60d0a1d2ed7e1f98b5b292e886d6ca62042bba2035,auxpow,merge-mining-research,devcoin,80595,,https://github.com/deadmanoz/merge-mining-research/blob/main/data/error-blocks/error_blocks.csv
000000000000015437122b60d0a1d2ed7e1f98b5b292e886d6ca62042bba2035,auxpow,merge-mining-research,ixcoin,120333,,https://github.com/deadmanoz/merge-mining-research/blob/main/data/error-blocks/error_blocks.csv
000000000000015437122b60d0a1d2ed7e1f98b5b292e886d6ca62042bba2035,auxpow,merge-mining-research,namecoin,99371,,https://github.com/deadmanoz/merge-mining-research/blob/main/data/error-blocks/error_blocks.csv
000000000000017c4a0a7be4244a3b2c0dd41f884586ad8de78356a0994e8960,auxpow,merge-mining-research,devcoin,80960,,https://github.com/deadmanoz/merge-mining-research/blob/main/data/error-blocks/error_blocks.csv
000000000000017c4a0a7be4244a3b2c0dd41f884586ad8de78356a0994e8960,auxpow,merge-mining-research,ixcoin,121266,,https://github.com/deadmanoz/merge-mining-research/blob/main/data/error-blocks/error_blocks.csv
000000000000017c4a0a7be4244a3b2c0dd41f884586ad8de78356a0994e8960,auxpow,merge-mining-research,namecoin,99714,,https://github.com/deadmanoz/merge-mining-research/blob/main/data/error-blocks/error_blocks.csv
00000000000001a3aa38003bb99c2bb16dc48dfcf5542ddf86139e639ff51433,auxpow,merge-mining-research,devcoin,80749,,https://github.com/deadmanoz/merge-mining-research/blob/main/data/error-blocks/error_blocks.csv
00000000000001a3aa38003bb99c2bb16dc48dfcf5542ddf86139e639ff51433,auxpow,merge-mining-research,ixcoin,120612,,https://github.com/deadmanoz/merge-mining-research/blob/main/data/error-blocks/error_blocks.csv
00000000000001a3aa38003bb99c2bb16dc48dfcf5542ddf86139e639ff51433,auxpow,merge-mining-research,namecoin,99474,,https://github.com/deadmanoz/merge-mining-research/blob/main/data/error-blocks/error_blocks.csv
00000000000001fb5262fee5a4b0e93f1274226980cc0893dcaa9dd9e1187f95,auxpow,merge-mining-research,namecoin,103522,,https://github.com/deadmanoz/merge-mining-research/blob/main/data/error-blocks/error_blocks.csv
0000000000000239bfc9b6f400b5b02ab401077bdc470d082e3da34276925cc8,auxpow,merge-mining-research,namecoin,103588,,https://github.com/deadmanoz/merge-mining-research/blob/main/data/error-blocks/error_blocks.csv
000000000000024fc7ce00ec89295323699886784960f68a04f4a4871b61caa8,auxpow,merge-mining-research,namecoin,103624,,https://github.com/deadmanoz/merge-mining-research/blob/main/data/error-blocks/error_blocks.csv
000000000000030a6d0a4a0c91af3610843d170594eac75cc8a0e16390ba9559,auxpow,merge-mining-research,devcoin,82041,,https://github.com/deadmanoz/merge-mining-research/blob/main/data/error-blocks/error_blocks.csv
000000000000030a6d0a4a0c91af3610843d170594eac75cc8a0e16390ba9559,auxpow,merge-mining-research,ixcoin,123067,,https://github.com/deadmanoz/merge-mining-research/blob/main/data/error-blocks/error_blocks.csv
000000000000030a6d0a4a0c91af3610843d170594eac75cc8a0e16390ba9559,auxpow,merge-mining-research,namecoin,101158,,https://github.com/deadmanoz/merge-mining-research/blob/main/data/error-blocks/error_blocks.csv
000000000000037f2cc0769d4244cf50f1cace4ab76b0b4adb31010e10150708,auxpow,merge-mining-research,devcoin,80590,,https://github.com/deadmanoz/merge-mining-research/blob/main/data/error-blocks/error_blocks.csv
000000000000037f2cc0769d4244cf50f1cace4ab76b0b4adb31010e10150708,auxpow,merge-mining-research,ixcoin,120330,,https://github.com/deadmanoz/merge-mining-research/blob/main/data/error-blocks/error_blocks.csv
000000000000037f2cc0769d4244cf50f1cace4ab76b0b4adb31010e10150708,auxpow,merge-mining-research,namecoin,99370,,https://github.com/deadmanoz/merge-mining-research/blob/main/data/error-blocks/error_blocks.csv
0000000000000386f943ff46dbf220fed2ef2ce55214d6fce868db21507ddc99,auxpow,merge-mining-research,devcoin,80807,,https://github.com/deadmanoz/merge-mining-research/blob/main/data/error-blocks/error_blocks.csv
0000000000000386f943ff46dbf220fed2ef2ce55214d6fce868db21507ddc99,auxpow,merge-mining-research,namecoin,99535,,https://github.com/deadmanoz/merge-mining-research/blob/main/data/error-blocks/error_blocks.csv
00000000000003abc9b545f105aec0a14cab2b65665f967b2527b61bb25e21bd,auxpow,merge-mining-research,devcoin,80734,,https://github.com/deadmanoz/merge-mining-research/blob/main/data/error-blocks/error_blocks.csv
00000000000003abc9b545f105aec0a14cab2b65665f967b2527b61bb25e21bd,auxpow,merge-mining-research,ixcoin,120574,,https://github.com/deadmanoz/merge-mining-research/blob/main/data/error-blocks/error_blocks.csv
00000000000003abc9b545f105aec0a14cab2b65665f967b2527b61bb25e21bd,auxpow,merge-mining-research,namecoin,99462,,https://github.com/deadmanoz/merge-mining-research/blob/main/data/error-blocks/error_blocks.csv
0000000000790ab3f22ec756ad43b6ab569abf0bddeb97c67a6f7b1470a7ec1c,p2p,stale-blocks,,,,https://github.com/bitcoin-data/stale-blocks/pull/65
